1,180103364,Barbey Pablo,Bachelor,7,2019-08-15,2022-06-28,f,
3,180103353,Normy Makeswell,Doctor of Science,2,2019-08-06,2022-06-28,f,
6,180103219,Allsun Hamflett,Master of Science,7,2019-08-04,2023-06-25,t,
9,180103165,Arman Grigorini,Bachelor,14,2021-08-23,2023-06-12,t,
11,170103131,Orelie Bouts,Bachelor,5,2017-08-11,2023-06-29,t,
13,170103249,Kaia Swayton,Doctor of Science,13,2017-08-12,2023-06-22,t,
15,170103097,Drusy Biddleston,Bachelor,13,2017-08-23,2022-06-24,f,
17,170103285,Theodoric Meysham,Doctor of Science,14,2018-08-25,2021-06-02,t,
19,170103073,Margalit Costock,Bachelor,14,2019-08-16,2023-06-22,t,
2,180103340,Thelma Phillot,Master of Science,11,2020-08-11,2023-06-21,t,19
4,180103434,Ronica MacCrann,PhD,13,2020-08-26,2022-06-21,t,23
5,180103486,Aland Kemet,Bachelor,5,2020-08-08,2023-06-22,t,21
7,180103234,Bertie Chessel,Doctor of Science,15,2020-08-19,2022-06-26,f,25
8,180103378,Ellie Sapsford,PhD,2,2020-08-28,2023-06-09,t,28
10,180103447,Davida Junkinson,Master of Science,12,2020-08-02,2022-06-04,t,22
12,170103361,Barty Bevis,Master of Science,7,2019-08-05,2023-06-18,f,26
14,170103216,Alejandro Tompkins,PhD,2,2019-08-18,2022-06-03,t,24
16,170103083,Carlynn Dimsdale,Master of Science,15,2017-08-23,2022-06-24,f,27
18,170103209,Jenine Rosengren,PhD,2,2017-08-10,2022-06-18,t,20
20,170103196,Rey Duckerin,Master of Science,14,2019-08-14,2022-06-03,t,29
